name,type,location,address,distance,rating_gaode,rating_xhs,business_area
吉庆社区党员群众服务中心,政府机构及社会团体;政府机关;乡镇以下级政府及事业单位|生活服务;生活服务场所;生活服务场所,"114.291039,30.587275",大智街办事处黄石路34号大智街,92,[],,大智路
丰巢快递柜(鑫成俊杰B座店),生活服务;物流速递;物流速递,"114.290080,30.586090",南京路178号鑫成俊杰B座F1层,96,3.7,,前进
中国电建地产·汉口公馆营销中心,生活服务;生活服务场所;生活服务场所,"114.289116,30.587195",京汉大道910号(循礼门地铁站H口步行250米),102,4.6,,江滩
耳暮里日式采耳按摩会社(循礼门店),生活服务;洗浴推拿场所;洗浴推拿场所,"114.288985,30.586947",京汉大道898号(循礼门地铁站H口步行240米),111,4.6,,大智路
俪扬沐足(汇通社区店),生活服务;洗浴推拿场所;洗浴推拿场所,"114.288950,30.586973",大智街道京汉大道898号2层,115,4.5,,前进
倾耳域语躺式采耳SPA馆(江汉路店),生活服务;洗浴推拿场所;洗浴推拿场所,"114.288947,30.586970",京汉大道898号一层17-19号,115,4.5,,大智路
Thai泰湄轻奢采耳SPA馆,生活服务;美容美发店;美容美发店,"114.288908,30.586919",南京路186号汇通社区(循礼门地铁站H口步行270米),119,3.9,,江滩
京东快递吉庆营业部(德润大厦店),生活服务;物流速递;物流速递,"114.291327,30.586540",黄石路9号德润大厦F1层,121,4.3,,前进
兔喜快递超市(崇善路店),生活服务;物流速递;物流速递,"114.290995,30.586027",崇善路与铭新街交叉口东60米,131,4.2,,前进
德邦物流(德润大厦店),生活服务;物流速递;物流速递,"114.290840,30.585927",吉庆街德润大厦底商,131,4.4,,大智路
睫毛弯弯美甲美睫专门店(江汉路店),生活服务;美容美发店;美容美发店,"114.290214,30.585728",铭新街20号(循礼门地铁站H口步行310米),136,4.0,,前进
工会户外职工爱心驿站(江岸区大智街道保成社区),生活服务;生活服务场所;生活服务场所,"114.289791,30.585751",铭新街16号(保成社区侧边),138,[],,大智路
新日电动车(汇通路店),生活服务;维修站点;维修站点,"114.290676,30.585727",榆荫里2号新日电动车,145,4.0,,大智路
Moon·月光不打烊换装自拍馆(鑫成大厦店),生活服务;摄影冲印店;摄影冲印,"114.289133,30.585941",鑫成大厦307(循礼门地铁站H口步行190米),148,3.7,,江滩
璇瑞玄乐综合服务中心,生活服务;生活服务场所;生活服务场所,"114.288601,30.586673",京汉大道904号(循礼门地铁站H口步行190米),151,[],,大智路
臻品足道(南京路店),生活服务;洗浴推拿场所;洗浴推拿场所,"114.289794,30.585596",南京路178号鑫成俊杰A座F2层,154,4.7,,前进
丰巢快递柜,生活服务;物流速递;物流速递,"114.291467,30.586117",吉庆街与崇善路交叉口北60米,156,[],,大智路
剧院村妈妈驿站,生活服务;生活服务场所;生活服务场所,"114.288775,30.587768",京汉大道与汇通路交叉口北80米,159,4.2,,大智路
至臻至美Hair salon(南京路店),生活服务;美容美发店;美容美发店,"114.289249,30.585735",南京路180号(循礼门地铁站H口步行210米),160,4.4,,江滩
菜鸟驿站(武汉剧院村10号店),生活服务;物流速递;物流速递,"114.288780,30.587790",球场街街道武汉剧院村10号楼一楼,160,[],,大智路
丰巢快递柜(鑫成俊杰店),生活服务;物流速递;物流速递,"114.289520,30.585602",南京路180号鑫成大厦丰巢柜,162,4.0,,大智路
美甲,生活服务;美容美发店;美容美发店,"114.290083,30.585490",铭新街20号(循礼门地铁站H口步行340米),162,3.4,,大智路
保成社区党员群众服务中心,生活服务;生活服务场所;生活服务场所,"114.289987,30.585489",鑫成俊杰A座西南门东60米,163,[],,江滩
俊华广告(铭新街),生活服务;生活服务场所;生活服务场所,"114.289970,30.585463",铭新街16号(循礼门地铁站H口步行320米),166,3.9,,大智路
顺丰速运(德润大厦店),生活服务;物流速递;物流速递,"114.291278,30.585793",黄石路9号德润大厦F1层,168,4.7,,大智路
武汉市再生资源回收体系建设工程绿色文明胡老幺再生资源回收站,生活服务;生活服务场所;生活服务场所,"114.288996,30.585789",南京路180号鑫成大厦(循礼门地铁站H口步行200米),170,3.8,,大智路
益足堂(德润社区二德里安全小区店),生活服务;洗浴推拿场所;洗浴推拿场所,"114.290847,30.585531",吉庆街47号德润社区二德里安全小区,171,3.6,,大智路
振宇图文快印(汇通社区店),生活服务;生活服务场所;生活服务场所,"114.288588,30.586164",南京路186附3号(循礼门地铁站H口步行130米),173,4.1,,江滩
易居房友(鑫成俊杰店),生活服务;中介机构;中介机构,"114.289451,30.585511",南京路178号鑫成俊杰F1层,173,3.8,,大智路
艺佳盲人按摩(南京路老店),生活服务;洗浴推拿场所;洗浴推拿场所,"114.289523,30.585475",南京路180号鑫成俊杰A座如家酒店雅堂小超旁上2层,175,4.5,,江滩
新振辉图文广告,生活服务;生活服务场所;生活服务场所,"114.291075,30.585567",南京路110号(循礼门地铁站H口步行450米),177,4.1,,江滩
C位发型工作室,生活服务;美容美发店;美容美发店,"114.291089,30.585542",汇通路30号,181,3.5,,前进
芭芭多芦荟专卖(安静社区店),购物服务;个人用品/化妆品店;其它个人用品店|生活服务;生活服务场所;生活服务场所,"114.290264,30.588587",安静社区东南2门旁(循礼门地铁站H口步行460米),182,3.7,,江滩
雁冠自行车电动车配件(南京路店),购物服务;专卖店;自行车专卖店|生活服务;维修站点;维修站点|汽车服务;汽车服务相关;汽车服务相关,"114.288483,30.586068",大智街办事处南京路121号,187,3.8,,江滩
捷柯房产(吉庆街店),生活服务;中介机构;中介机构,"114.291220,30.585460",汇通路20-1号(循礼门地铁站H口步行480米),195,3.7,,江滩
裁缝洗烫(安静社区店),生活服务;洗衣店;洗衣店,"114.289855,30.588699",球场街办事处黄石路安静小区24号,196,4.2,,江滩
小林电器废品回收,生活服务;生活服务场所;生活服务场所,"114.289235,30.588637",安静社区西南2门东南80米,206,3.9,,江滩
大智街阳光家园,商务住宅;住宅区;住宅小区|生活服务;生活服务场所;生活服务场所,"114.288693,30.585376",规划小区东南门旁(循礼门地铁站H口步行150米),224,[],,大智路
陕西专业修脚(福忠里店),生活服务;洗浴推拿场所;洗浴推拿场所,"114.291174,30.585127",吉庆街98号福忠里(循礼门地铁站H口步行470米),225,3.9,,江滩
泰宁社区服务站,生活服务;生活服务场所;生活服务场所,"114.288663,30.585368",大智街办事处泰宁街27号,226,3.9,,大智路
民生优能火瓶装气(吉庆街供应站),生活服务;生活服务场所;生活服务场所,"114.291879,30.585545",吉庆街102号,228,[],,大智路
永佳彩印(德安总理小区店),生活服务;生活服务场所;生活服务场所,"114.289309,30.585036",铭新街17-5号(循礼门地铁站H口步行230米),228,4.2,,江滩
星兰剑智慧驾校报名处,生活服务;生活服务场所;生活服务场所,"114.290784,30.588934",京汉大道827号附1号,228,3.8,,江滩
工会户外职工爱心驿站(江岸区大智街道泰宁社区),生活服务;生活服务场所;生活服务场所,"114.288484,30.585477",泰宁街27号(泰宁社区新时代文明实践站),229,[],,江滩
中通快递(安静社区店),生活服务;物流速递;物流速递,"114.290174,30.589020",安静社区(黄石路),230,4.1,,大智路
工会户外职工爱心驿站(江岸区球场街道同庆阁社区),生活服务;生活服务场所;生活服务场所,"114.290808,30.588964",京汉大道827号附3号(同庆阁社区一楼),232,[],,江滩
百住易房产(福忠里店),生活服务;中介机构;中介机构,"114.291422,30.585156",中山大道黄石路口崇善路9号,234,4.2,,江滩
雨林再生资源回收站(福忠里店),生活服务;生活服务场所;生活服务场所,"114.291039,30.584986",吉庆街94号(循礼门地铁站H口步行450米),234,3.8,,前进
21世纪不动产(铭新街店),生活服务;中介机构;中介机构,"114.292336,30.587910",铭新街与瑞祥路交叉口西南60米,235,3.7,,江滩
菜鸟驿站,生活服务;物流速递;物流速递,"114.292580,30.586622",吉庆街与瑞祥路交叉口西南60米,235,[],,大智路
干洗店,生活服务;洗衣店;洗衣店,"114.292260,30.585846",汇通路2号先锋里,236,3.6,,大智路
伊时代美容会所,生活服务;美容美发店;美容美发店,"114.291979,30.588433",瑞祥路与铭新街交叉口西80米,240,3.5,,大智路
汇通家电维修(福忠里店),生活服务;维修站点;维修站点,"114.291454,30.585098",汇通路15号附1号,241,4.4,,大智路
安静社区党员群众服务中心,生活服务;生活服务场所;生活服务场所,"114.289000,30.588883",安静社区西南2门旁(循礼门地铁站G口步行490米),241,[],,大智路
荣华房产(崇善路店),生活服务;中介机构;中介机构,"114.291914,30.585389",崇善路15号附3号,242,4.0,,江滩
中国体育彩票(福忠里店),生活服务;彩票彩券销售点;彩票彩券销售点,"114.291522,30.585076",汇通路福忠里,246,[],,前进
脚手架出租,生活服务;生活服务场所;生活服务场所,"114.291968,30.585359",崇善路15号附6号,248,4.3,,大智路
鑫新装饰,公司企业;公司;广告装饰|生活服务;生活服务场所;生活服务场所,"114.292439,30.588008",铭新街83号附4号,248,3.4,,大智路
家隆房产(汉港大厦店),生活服务;中介机构;中介机构,"114.292387,30.585800",汉港大厦D座,249,3.5,,江滩
菜鸟驿站(武汉安静社区17号店),生活服务;物流速递;物流速递,"114.289442,30.589126",安静社区(黄石路),251,4.3,,大智路
同庆阁社区服务站,政府机构及社会团体;政府机关;乡镇以下级政府及事业单位|生活服务;生活服务场所;生活服务场所,"114.290812,30.589137",京汉大道827号(大智路地铁站G口步行440米),251,4.3,,大智路
喆多多足浴,生活服务;洗浴推拿场所;洗浴推拿场所,"114.292456,30.588039",大智街街道铭新街83号1层,251,4.1,,大智路
源足康专业修脚,生活服务;洗浴推拿场所;洗浴推拿场所,"114.291709,30.585131",汇通路7栋1单元一层,251,4.2,,江滩
德康推拿馆(福忠里店),生活服务;洗浴推拿场所;洗浴推拿场所,"114.291567,30.585039",江汉路步行街汇通路附9号,252,4.3,,江滩
菜鸟驿站(瑞祥路店),生活服务;物流速递;物流速递,"114.291861,30.588682",大智街街道铭新巷小区7号菜鸟驿站,252,4.2,,大智路
雷雨房产(安静社区店),生活服务;中介机构;中介机构,"114.289031,30.589023",安静社区西南1门旁,254,3.9,,大智路
志雄回收站(德安总理小区店),生活服务;生活服务场所;生活服务场所,"114.289069,30.584862",铭新街17号(循礼门地铁站H口步行200米),254,4.1,,江滩
宏昌广告(金业里小区店),生活服务;摄影冲印店;摄影冲印,"114.289274,30.584786",铭新街10号(循礼门地铁站H口步行210米),255,4.2,,前进
时尚源造型店(造型店),生活服务;美容美发店;美容美发店,"114.292492,30.588058",大智街办事处黄石路铭新街83号附6美发店,255,4.2,,大智路
踏安足疗,生活服务;洗浴推拿场所;洗浴推拿场所,"114.289113,30.589074",球场街街道球场街安静新村3号楼一层,256,3.7,,大智路
武汉市江岸区大智街道铭新社区工会户外职工爱心驿站(工会驿站),生活服务;生活服务场所;生活服务场所,"114.291888,30.588731",大智街道铭新社区铭新巷16号一楼,258,[],,江滩
鼎盛房产(安静社区店),生活服务;中介机构;中介机构,"114.289661,30.589269",安静社区西南1门东北80米,262,3.6,,江滩
立明房产(瑞祥路),生活服务;中介机构;中介机构,"114.292358,30.588367",大智街办事处瑞祥路瑞祥一巷一号,263,3.5,,大智路
中国福利彩票(京汉大道店),生活服务;彩票彩券销售点;彩票彩券销售点,"114.291480,30.589109",京汉大道962号(大智路地铁站G口步行410米),271,[],,大智路
辉煌广告(德安总理小区店),生活服务;生活服务场所;生活服务场所,"114.288933,30.584748",大智街办事处铭新街15号,271,3.6,,大智路
公益相亲角,生活服务;生活服务场所;生活服务场所,"114.292787,30.586005",黄石路14号,273,[],,大智路
双能健康,生活服务;洗浴推拿场所;洗浴推拿场所,"114.292290,30.585281",崇善路与江汉二路交叉口西40米,276,3.7,,江滩
钟杰粮油生鲜干货配送,生活服务;生活服务场所;生活服务场所,"114.293041,30.586696",大智街办事处吉庆街胜利生鲜市场,278,3.7,,大智路
殡仪一条龙,生活服务;生活服务场所;生活服务场所,"114.292322,30.585272",汉港大厦东北门西南50米,279,[],,江滩
中国体育彩票(德安总理小区店),生活服务;彩票彩券销售点;彩票彩券销售点,"114.288856,30.584698",德安总里小区东南门旁(循礼门地铁站H口步行180米),279,[],,江滩
中国福利彩票(华中社区店),生活服务;彩票彩券销售点;彩票彩券销售点,"114.288867,30.584688",保成路116号(循礼门地铁站H口步行150米),280,[],,大智路
晓敏足疗馆(福忠里店),生活服务;洗浴推拿场所;洗浴推拿场所,"114.291767,30.584847",大智街街道汇通路5号,281,3.9,,江滩
木桶泡澡泡脚修脚,生活服务;洗浴推拿场所;洗浴推拿场所,"114.293067,30.586689",合兴里小区l48号附6号,281,4.0,,大智路
神通房地产(汇通路),生活服务;中介机构;中介机构,"114.291782,30.584833",汇通路5号,283,4.3,,大智路
靖宇图文广告,生活服务;生活服务场所;生活服务场所,"114.288847,30.584668",铭新街15附2(循礼门地铁站H口步行170米),283,4.1,,大智路
郝思嘉假发(汉口店),生活服务;美容美发店;美容美发店,"114.287617,30.585597",京汉大道856号靠保成路口(循礼门地铁站H口旁),285,4.5,,江滩
黑冰牛摄影(建华大厦店),生活服务;摄影冲印店;摄影冲印,"114.290345,30.584379",吉庆街66号建华大厦F4层,287,4.2,,江滩
武汉市民宗委法律援助工作站,生活服务;事务所;律师事务所,"114.292031,30.584928",江汉二路157号,288,4.2,,前进
东尼造型(吉祥大厦店),购物服务;服装鞋帽皮具店;品牌服装店|生活服务;美容美发店;美容美发店,"114.293170,30.587051",吉祥大厦1-2层,289,4.4,,江滩
春秋旅游(解放大道),生活服务;旅行社;旅行社,"114.287683,30.588464",西马街办事处解放大道1014号,290,4.3,,大智路
福康堂专业修脚,生活服务;洗浴推拿场所;洗浴推拿场所,"114.292430,30.585216",汉港大厦东北门南50米,291,3.5,,前进
鑫成房产(德安总理小区店),生活服务;中介机构;中介机构,"114.288694,30.584641",铭新街15附1(循礼门地铁站H口步行140米),292,3.7,,大智路
午燕黄金,生活服务;生活服务场所;生活服务场所,"114.290210,30.589590",安静社区(黄石路),293,3.6,,大智路
维度造型,生活服务;美容美发店;美容美发店,"114.292294,30.585065",江汉二路157号附1号,293,3.8,,大智路
保全电动车行(德安总理小区店),生活服务;维修站点;维修站点,"114.288651,30.584647",保成路118号付1号(循礼门地铁站H口步行140米),294,4.4,,大智路
21世纪不动产(江汉二路店),生活服务;中介机构;中介机构,"114.292312,30.585066",江汉二路与崇善路交叉口西南40米,295,4.2,,江滩
嬉遇·约酒店式SPA按摩养生保健,生活服务;生活服务场所;生活服务场所,"114.290520,30.584300",大智街道10层P室(循礼门地铁站H口步行360米),297,4.8,,大智路
金田房产(南京路),生活服务;中介机构;中介机构,"114.290839,30.584338",福忠里西南门旁(循礼门地铁站H口步行390米),298,3.7,,前进
JOKER刺青原创设计店(建华大厦店),生活服务;美容美发店;美容美发店,"114.290524,30.584281",吉庆街66号建华大厦1306,299,4.0,,江滩
乐泰房产(泰宁社区南区店),生活服务;中介机构;中介机构,"114.287912,30.585065",保成路69附1号(循礼门地铁站H口步行50米),300,3.8,,大智路
携程旅游武汉剧院店,生活服务;旅行社;旅行社,"114.287439,30.588313",解放大道1014附3号(循礼门武汉剧院车站旁),300,4.2,,大智路
存知己行李寄存点,生活服务;生活服务场所;生活服务场所,"114.287825,30.585125",保成路122号泰宁社区南区(循礼门地铁站H口旁),301,[],,江滩
诚信手机快修(泰宁社区南店),生活服务;维修站点;维修站点,"114.287572,30.585330",保成路73附2(循礼门地铁站H口旁),306,4.3,,江滩
中国体育彩票(循礼门店)(装修中),生活服务;彩票彩券销售点;彩票彩券销售点,"114.287737,30.585145",保成路73号附3号(循礼门地铁站H口旁),306,[],,大智路
菜鸟驿站(泰宁社区南区店),生活服务;物流速递;物流速递,"114.287718,30.585162",大智街街道保成路泰宁里小区10号楼,306,4.6,,大智路
振欣图文广告,公司企业;公司;广告装饰|生活服务;生活服务场所;生活服务场所,"114.290926,30.584278",大智街街道南京路110号,306,4.3,,前进
手机电脑名表维修回收,生活服务;生活服务场所;生活服务场所,"114.287563,30.585283",保成路73附1号(循礼门地铁站H口旁),309,4.1,,大智路
尚品阁足道,生活服务;洗浴推拿场所;洗浴推拿场所,"114.293389,30.587016",吉庆街143号附4号,310,4.4,,江滩
文华房产(福忠里店),生活服务;中介机构;中介机构,"114.291783,30.584544",大智街办事处江汉二路151号,310,4.0,,前进
巴图造型(福忠里店),生活服务;美容美发店;美容美发店,"114.291770,30.584532",江汉二路福忠里153号,311,4.1,,大智路
金业理发,生活服务;美容美发店;美容美发店,"114.290793,30.584212",南京路116号,311,3.7,,前进
中国福利彩票(南京路店),生活服务;彩票彩券销售点;彩票彩券销售点,"114.290198,30.584149",吉庆街与保成路交叉口东北60米,312,[],,江滩
中国体育彩票(吉祥大厦店),生活服务;彩票彩券销售点;彩票彩券销售点,"114.293412,30.587007",吉庆街165-附1号吉祥大厦,312,[],,大智路
武汉青年国际旅行社有限公司,生活服务;旅行社;旅行社,"114.291968,30.589291",瑞祥路与京汉大道交叉口东40米,313,3.8,,大智路
爱脊康推拿修脚,生活服务;洗浴推拿场所;洗浴推拿场所,"114.288051,30.584789",泰宁街11附6(循礼门地铁站H口步行110米),313,4.4,,江滩
简恩足浴(大智嘉园店),生活服务;洗浴推拿场所;洗浴推拿场所,"114.292035,30.589271",大智路地铁站G口步行430米,314,3.9,,大智路
鑫原足疗(吉祥大厦店),生活服务;洗浴推拿场所;洗浴推拿场所,"114.293439,30.587004",吉庆街143号附5号,315,4.0,,大智路
航空国旅循礼门店,生活服务;旅行社;旅行社,"114.286921,30.587556",解放大道1010号附3门面,316,4.1,,大智路
爱尚美甲美睫(金业里小区店),生活服务;美容美发店;美容美发店,"114.289249,30.584206",大智街办事处女人大世界A17号,317,3.7,,大智路
中国体育彩票(安静后街店),生活服务;彩票彩券销售点;彩票彩券销售点,"114.291263,30.589643",京汉大道841号(大智路地铁站G口步行430米),317,[],,大智路
转角美甲店,生活服务;美容美发店;美容美发店,"114.292163,30.584679",江汉二路汇通路148号,318,4.1,,前进
家电维修回收租赁空调回收,生活服务;生活服务场所;生活服务场所,"114.288866,30.584315",大智街道保成路59号附9号1层1室,318,4.2,,江滩
鑫煜婷养生店,生活服务;生活服务场所;生活服务场所,"114.293152,30.588181",铭新街与瑞祥路交叉口东40米,318,[],,大智路
新宜家房产(汇通小区店),生活服务;中介机构;中介机构,"114.292677,30.585094",江汉二路150号附7号,318,3.6,,前进
维纳斯工作室(汇通小区店),生活服务;摄影冲印店;摄影冲印,"114.292217,30.584705",汇通小区西北1门旁,319,[],,前进
德利电动车行(鑫汉城市花园店),生活服务;维修站点;维修站点,"114.291292,30.589654",京汉大道与安静后街路口(大智路地铁站G口步行430米),319,4.3,,大智路
名尚造型(吉庆街店),生活服务;美容美发店;美容美发店,"114.292939,30.585369",吉祥大厦(吉庆街)147号,320,4.2,,大智路
新大陆广告(保成路59号),公司企业;公司;广告装饰|生活服务;生活服务场所;生活服务场所,"114.288851,30.584295",保成路59附2号(循礼门地铁站H口步行180米),321,4.2,,江滩
修脚采耳(大智嘉园店)(暂停营业),生活服务;洗浴推拿场所;洗浴推拿场所,"114.292084,30.589320",瑞祥路66号(大智路地铁站G口步行370米),322,3.8,,大智路
百居易(安静社区店),生活服务;中介机构;中介机构,"114.289354,30.589766",安静社区(黄石路),322,3.7,,大智路
益君专业修脚房(江汉二路分店),生活服务;洗浴推拿场所;洗浴推拿场所,"114.291540,30.584312",大智街道江汉二路145号,322,4.1,,前进
皮肤身材管理中心,生活服务;美容美发店;美容美发店,"114.292240,30.584679",汇通小区西南门旁,322,3.4,,大智路
MH发型工作室(大智嘉园店),生活服务;美容美发店;美容美发店,"114.292130,30.589310",京汉大道瑞祥路60号(大智路地铁站G口步行450米),323,4.1,,江滩
平疤祛痘(解放大道店),生活服务;美容美发店;美容美发店,"114.286818,30.587439",球场街办事处汉口循礼门解放大道1008号附3号武汉剧院左侧,323,3.8,,大智路
铭新社区党员群众服务中心,生活服务;生活服务场所;生活服务场所,"114.291948,30.589421",京汉大道1038号大智家园E栋铭新社区,324,[],,江滩
中通快递(江汉路分部),生活服务;物流速递;物流速递,"114.290739,30.584074",江汉二路127号保安里兔喜生活,325,4.5,,大智路
丝艺造型(安静社区店),生活服务;美容美发店;美容美发店,"114.289311,30.589787",安静社区西北门旁,325,3.8,,大智路
俊耀奢品黄金回收钻石名包名表奢侈品回收,生活服务;生活服务场所;生活服务场所,"114.291086,30.584140",南京路106号附2(循礼门地铁站H口步行450米),325,4.8,,大智路
李辉韩成美容瘦身(汇通小区店),生活服务;美容美发店;美容美发店,"114.292103,30.584558",福忠里北1门旁,325,3.7,,江滩
吉庆房产(景福小区店),生活服务;中介机构;中介机构,"114.293298,30.588064",景福小区西南门旁,326,4.1,,大智路
欣兴足疗(景福小区店),生活服务;洗浴推拿场所;洗浴推拿场所,"114.293261,30.588187",铭新街130号,328,3.8,,江滩
金苹果专业减肥中心(大智路店),生活服务;美容美发店;美容美发店,"114.292228,30.589298",京汉大道大智路大智嘉园1038-4,328,4.2,,大智路
菜鸟驿站(安静社区红艳村店),生活服务;物流速递;物流速递,"114.286730,30.587140",球场街街道解放大道安静社区红艳村141号,328,4.4,,大智路
中旅假日,生活服务;旅行社;旅行社,"114.286757,30.587370",安静社区红艳村西北2门旁,328,3.7,,大智路
福满阁足浴馆(福忠里东南),生活服务;洗浴推拿场所;洗浴推拿场所,"114.291372,30.584178",大智街办事处江汉二路南京路139号,330,4.2,,大智路
汇通房产(福忠里店),生活服务;中介机构;中介机构,"114.291364,30.584170",江汉二路141号(福忠里28号),330,3.8,,江滩
发丝缘·美容美发店,生活服务;美容美发店;美容美发店,"114.290497,30.583992",江汉二路保安里1号1楼(循礼门地铁站H口步行370米),331,3.9,,前进
足缘堂专业修脚(福忠里店),生活服务;洗浴推拿场所;洗浴推拿场所,"114.291345,30.584160",吉庆街94号福忠里,331,3.7,,大智路
同芙健康美容会员机构武汉大智店,生活服务;美容美发店;美容美发店,"114.292097,30.589429",京汉大道1038附4(大智路地铁站G口步行360米),332,3.5,,大智路
韵达快递(瑞祥路店),生活服务;物流速递;物流速递,"114.292713,30.588973",大智街办事处南京路瑞祥路东54号,333,4.2,,大智路
同芙健康美容会员机构武汉大智店,生活服务;美容美发店;美容美发店,"114.292097,30.589429",京汉大道1038附4(大智路地铁站G口步行360米),332,3.5,,大智路
韵达快递(瑞祥路店),生活服务;物流速递;物流速递,"114.292713,30.588973",大智街办事处南京路瑞祥路东54号,333,4.2,,大智路
新艺时尚美容美发(鑫汉城市花园店),生活服务;美容美发店;美容美发店,"114.291426,30.589736",京汉大道849号(大智路地铁站G口步行450米),333,4.2,,江滩
卓艺广告(京汉大道),公司企业;公司;广告装饰|生活服务;生活服务场所;生活服务场所,"114.291407,30.589743",京汉大道851号(大智路地铁站G口步行450米),333,4.1,,江滩
睿捷广告(解放大道),生活服务;生活服务场所;生活服务场所,"114.286679,30.587411",解放大道1008附1号(循礼门地铁站E口步行240米),336,3.9,,大智路
艺元空间(泰安里店),生活服务;生活服务场所;生活服务场所,"114.291679,30.584230",汇通路3号泰安里,336,[],,江滩
专诸刺青(安静社区店),生活服务;美容美发店;美容美发店,"114.288847,30.589791",安静社区(黄石路),339,3.6,,西马
合一健康足道(亚洲证券大厦店),生活服务;生活服务场所;生活服务场所,"114.293528,30.586024",江汉二路181号,339,4.1,,大智路
投复利地产(独衣秀店),生活服务;中介机构;中介机构,"114.292375,30.584565",大智街街道汇通路2号附8号,340,4.2,,大智路
千指百态(泰宁里小区店),生活服务;美容美发店;美容美发店,"114.287834,30.584626",大智街办事处保成路泰宁街九号,341,4.1,,大智路
悦汇·K歌沐足(亚洲证券大厦店),生活服务;洗浴推拿场所;洗浴推拿场所,"114.293603,30.586167",江汉二路181号亚洲证券大厦1栋4层5层1室,342,4.5,,江滩
武汉经纬广告,公司企业;公司;广告装饰|生活服务;生活服务场所;生活服务场所,"114.292961,30.585055",怡博公司写字楼东北门旁,342,3.8,,江滩
郡艺美容馆,生活服务;美容美发店;美容美发店,"114.287134,30.585290",京汉大道商住楼B栋1-2层3商室01号,343,4.2,,江滩
仟村摄影工作室,生活服务;摄影冲印店;摄影冲印,"114.293002,30.585080",怡博公司写字楼东北门旁,343,3.7,,江滩
合盈足道,生活服务;洗浴推拿场所;洗浴推拿场所,"114.293021,30.585073",崇善路11号-4号,345,4.2,,江滩
夏沫小清新摄影(金宝大厦B座店),生活服务;摄影冲印店;摄影冲印,"114.291006,30.583931",大智街办事处江汉二路金宝大厦8层B座,346,4.2,,江滩
泰仙居古法泰式SPA馆,生活服务;洗浴推拿场所;洗浴推拿场所,"114.293007,30.585045",汇通小区,346,3.9,,大智路
TietieBooth大头贴(循礼门店),生活服务;生活服务场所;生活服务场所,"114.287094,30.585283",江岸区京汉大道854号(循礼门J口旁),346,4.1,,江滩
这个足疗按摩店,生活服务;洗浴推拿场所;洗浴推拿场所,"114.290902,30.583892",大智街街道曼心智能酒店(江汉路步行街店)金宝大厦1楼,348,3.6,,江滩
创艺发型(泰宁街店),生活服务;美容美发店;美容美发店,"114.287917,30.584479",泰宁街18号(循礼门地铁站H口步行140米),348,4.2,,江滩
众意快剪(吉庆街店),生活服务;美容美发店;美容美发店,"114.289770,30.583833",慈德里小区13号(循礼门地铁站H口步行270米),349,3.8,,前进
真苏胡·年轻人按摩体验馆(江汉路步行街店),生活服务;洗浴推拿场所;洗浴推拿场所,"114.290954,30.583893",江汉二路与南京路交叉口西20米,349,[],,大智路
云捷上门电脑维修网络布线监控安装,生活服务;生活服务场所;生活服务场所,"114.288021,30.584400",泰宁街18号,349,4.1,,大智路
景田百岁山(安静后街店),生活服务;生活服务场所;生活服务场所,"114.290474,30.590085",安静后街5附13(大智路地铁站G口步行480米),350,4.2,,大智路
满亿房产(金宝大厦店),生活服务;生活服务场所;生活服务场所,"114.290727,30.583845",江汉二路100附8(循礼门地铁站H口步行410米),350,3.7,,江滩
护尔加可视采耳,生活服务;洗浴推拿场所;洗浴推拿场所,"114.287768,30.584563",泰宁街9号,350,4.1,,大智路
亿房房地产(吉庆街店),生活服务;中介机构;中介机构,"114.293639,30.587940",景福小区交易街39号1楼5号房,351,4.0,,大智路
中国移动,生活服务;电讯营业厅;中国移动营业厅,"114.289140,30.589993",安静社区(黄石路),351,4.1,,大智路
新选择工作室,生活服务;美容美发店;美容美发店,"114.293072,30.585029",崇善路11号附2号,352,3.9,,江滩
中国联通(大智嘉园厅),生活服务;电讯营业厅;中国联通营业厅,"114.292151,30.589614",京汉大道1038号附4(大智路地铁站G口步行330米),352,4.4,,大智路
中国联通(江岸大智嘉园营业厅),生活服务;电讯营业厅;中国联通营业厅,"114.291971,30.589709",大智街京汉大道1038号银泰·大智嘉园C栋1层12室,352,4.4,,江滩
梵雅生活馆(汇通小区店),购物服务;服装鞋帽皮具店;服装鞋帽皮具店|购物服务;家居建材市场;家居建材市场|生活服务;美容美发店;美容美发店,"114.293067,30.585005",大智街办事处崇善路11号,353,4.1,,江滩
中国体育彩票,生活服务;彩票彩券销售点;彩票彩券销售点,"114.293324,30.585326",黄石路与江汉二路交叉口东40米,354,[],,大智路
中国移动(泰宁街营业厅),生活服务;电讯营业厅;中国移动营业厅,"114.287854,30.584455",泰宁街18附1号(循礼门地铁站H口步行150米),354,4.5,,江滩
纹身工作室(保成社区北区店),生活服务;美容美发店;美容美发店,"114.289746,30.583785",武汉方志馆西南门东南100米,354,3.6,,江滩
诗彩美发店(武汉金宝大厦店),生活服务;美容美发店;美容美发店,"114.290751,30.583803",江汉二路127-10号(循礼门地铁站H口步行390米),355,3.9,,江滩
艾中堂推拿馆(金宝大厦B座店),生活服务;洗浴推拿场所;洗浴推拿场所,"114.290815,30.583801",江汉二路金宝大厦14楼(循礼门地铁站H口步行390米),356,3.8,,大智路
缘圆修脚养生(安静社区店),生活服务;洗浴推拿场所;洗浴推拿场所,"114.290380,30.590163",安静后街与解放南路交叉口东南80米,358,3.5,,大智路
越秀中交外滩星汇园(接待中心),生活服务;生活服务场所;生活服务场所,"114.293489,30.588418",铭新街与交易街交叉口西20米,359,4.3,,大智路
胜赢驾校(江汉路曾静咨询中心),生活服务;生活服务场所;生活服务场所,"114.286957,30.585257",京汉大道852附5(循礼门地铁站J口旁),359,3.8,,大智路
志刚刺青,生活服务;美容美发店;美容美发店,"114.289763,30.583732",大智街街道保成路40号,360,3.9,,江滩
Markmall 招商中心,生活服务;生活服务场所;生活服务场所,"114.286998,30.585184",Markmall(循礼门地铁站J口步行50米),360,[],,大智路
诗彩专业烫染工作室(新华小区店),生活服务;美容美发店;美容美发店,"114.287802,30.584404",泰宁街14号1层2室(循礼门地铁站H口步行160米),362,4.0,,江滩
中国体育彩票(解放大道店),生活服务;彩票彩券销售点;彩票彩券销售点,"114.287248,30.589041",解放大道与黄石路交叉口西80米,362,[],,建设大道
武汉华中会计事务有限责任公司(大智嘉园店),生活服务;事务所;会计师事务所,"114.292348,30.589619",安静后街9附1(大智路地铁站G口步行330米),363,3.8,,大智路
越秀中交·外滩星汇园接待中心,生活服务;生活服务场所;生活服务场所,"114.293530,30.588448",大智路地铁站G口步行440米,364,4.7,,江滩
胡胡日式美睫美甲(泰宁里小区店),生活服务;美容美发店;美容美发店|购物服务;购物相关场所;购物相关场所,"114.287669,30.584470",泰宁街5号(循礼门地铁站H口步行160米),364,4.1,,江滩
欢喜美美(江汉路步行街店),生活服务;生活服务场所;生活服务场所,"114.287389,30.584698",M商场对面步行街上周黑鸭店进来(循礼门地铁站c口步行100米),364,[],,江滩
中国福利彩票(解放大道店),生活服务;彩票彩券销售点;彩票彩券销售点,"114.287690,30.589465",西马街办事处解放大道1453号1楼,365,[],,建设大道
欢喜美美(泰宁里小区店),生活服务;生活服务场所;生活服务场所,"114.287360,30.584710",泰宁里5号,365,3.8,,大智路
